Admn Yr,Seat Type,Entrance Rank,Reference,Sex,Proposed Residence,Board,Matriculation,Family Income,Physics,Chemistry,Maths,No of Subjects Failed
2010,NRI,22799.0,N,Male,Hostler,CBSE,444.0,5000000.0,88.0,88.0,81.0,4
2010,MANAGEMENT SEAT,31582.0,N,Male,Day Scholar,CBSE,396.0,1000000.0,72.0,79.0,69.0,3
2010,GENERAL,5158.0,N,Male,Day Scholar,HSC,1175.0,350000.0,193.0,196.0,192.0,1
2010,GENERAL,5883.0,N,Male,Hostler,HSC,1135.0,600000.0,185.0,184.0,198.0,0
2010,FEE WAIVER,6293.0,N,Male,Hostler,ISC,404.0,120000.0,80.0,74.0,90.0,3
2010,MANAGEMENT SEAT,13450.0,N,Male,Day Scholar,CBSE,459.0,700000.0,91.0,93.0,95.0,2
2010,MANAGEMENT SEAT,21000.0,N,Male,Day Scholar,CBSE,459.0,700000.0,91.0,93.0,95.0,2
2010,FEE WAIVER (INCOME),8325.0,N,Male,Day Scholar,HSC,1157.0,320040.0,190.0,195.0,198.0,0
2010,MANAGEMENT SEAT,32721.0,N,Male,Day Scholar,CBSE,426.0,275000.0,83.0,87.0,92.0,4
2010,FEE WAIVER (INCOME),12940.0,N,Male,Day Scholar,CBSE,420.0,75000.0,79.0,91.0,86.0,0
2010,MANAGEMENT SEAT,13440.0,N,Male,Hostler,HSC,1154.0,568560.0,193.0,189.0,187.0,0
2010,FEE WAIVER (INCOME),8001.0,N,Male,Day Scholar,HSC,1130.0,24000.0,186.0,187.0,199.0,1
2010,MANAGEMENT SEAT,33048.0,N,Male,Day Scholar,HSC,1022.0,66000.0,165.0,171.0,158.0,2
2010,MANAGEMENT SEAT,38553.0,N,Male,Day Scholar,CBSE,78.4,549000.0,83.0,88.0,61.0,4
2010,FEE WAIVER (INCOME),8001.0,N,Male,Day Scholar,HSC,1130.0,24000.0,186.0,187.0,199.0,1
2010,MANAGEMENT SEAT,15521.0,N,Male,Day Scholar,HSC,1105.0,210000.0,187.0,168.0,191.0,1
2010,FEE WAIVER (INCOME),16333.0,N,Male,Hostler,HSC,1057.0,43000.0,168.0,175.0,165.0,1
2010,GENERAL,5713.0,N,Male,Day Scholar,CBSE,462.0,450000.0,95.0,95.0,94.0,2
2010,FEE WAIVER (INCOME),13879.0,N,Male,Day Scholar,CBSE,444.0,187600.0,91.0,89.0,95.0,4
2010,FEE WAIVER,2750.0,N,Male,Day Scholar,HSC,1001.0,92000.0,171.0,168.0,185.0,1
2010,FEE WAIVER (INCOME),49895.0,Y,Male,Day Scholar,CBSE,378.0,396000.0,76.0,76.0,51.0,2
2010,FEE WAIVER,4170.0,N,Male,Day Scholar,HSC,1171.0,120000.0,195.0,196.0,198.0,2
2010,MANAGEMENT SEAT,,N,Male,Day Scholar,CBSE,311.0,350000.0,67.0,61.0,51.0,4
2010,MANAGEMENT SEAT,12942.0,N,Male,Day Scholar,CBSE,437.0,500000.0,85.0,91.0,86.0,2
2010,GENERAL,8967.0,N,Male,Hostler,HSC,1134.0,600000.0,189.0,193.0,191.0,0
2010,FEE WAIVER (INCOME),8909.0,N,Male,Day Scholar,CBSE,457.0,25000.0,95.0,95.0,85.0,3
2010,NRI,60866.0,N,Male,,HSC,416.0,,,,,3
2010,GENERAL,4783.0,N,Male,Day Scholar,HSC,1162.0,1500000.0,197.0,200.0,193.0,1
2010,FEE WAIVER (INCOME),10250.0,N,Male,Hostler,HSC,1073.0,338105.0,158.0,188.0,174.0,0
2010,FEE WAIVER (INCOME),13908.0,N,Male,Hostler,HSC,1129.0,60000.0,182.0,185.0,184.0,0
2010,FEE WAIVER,7302.0,N,Male,Day Scholar,CBSE,452.0,420180.0,83.0,87.0,95.0,3
2010,NRI,58778.0,N,Male,Hostler,HSC,1014.0,700000.0,162.0,185.0,184.0,0
2010,FEE WAIVER (INCOME),7727.0,N,Male,Day Scholar,CBSE,463.0,495000.0,93.0,95.0,87.0,2
2010,MANAGEMENT SEAT,11345.0,N,Male,Day Scholar,CBSE,431.0,800000.0,77.0,77.0,88.0,4
2010,SC,40300.0,N,Male,Hostler,HSC,933.0,96000.0,159.0,162.0,133.0,0
2010,GENERAL,6787.0,N,Male,Hostler,HSC,1144.0,324696.0,186.0,196.0,198.0,1
2010,MANAGEMENT SEAT,50629.0,N,Male,Day Scholar,CBSE,348.0,70000.0,64.0,76.0,53.0,4
2010,FEE WAIVER (INCOME),10853.0,N,Male,Hostler,CBSE,463.0,566352.0,90.0,94.0,90.0,2
2010,MANAGEMENT SEAT,31867.0,N,Male,Hostler,CBSE,410.0,720000.0,83.0,72.0,74.0,4
2010,GENERAL,6069.0,N,Male,Hostler,CBSE,450.0,700000.0,92.0,91.0,95.0,2
2010,FEE WAIVER,5176.0,N,Male,Day Scholar,HSC,1025.0,123516.0,161.0,188.0,184.0,0
2010,MANAGEMENT SEAT,32721.0,N,Male,Day Scholar,CBSE,406.0,800000.0,80.0,88.0,71.0,1
2010,MANAGEMENT SEAT,30994.0,N,Male,Day Scholar,HSC,1022.0,66000.0,165.0,171.0,158.0,2
2010,GENERAL,6069.0,N,Male,Hostler,CBSE,450.0,700000.0,92.0,91.0,95.0,2
2010,GENERAL,8724.0,N,Male,Hostler,CBSE,476.0,600000.0,95.0,95.0,95.0,2
2010,OBC,11249.0,N,Male,Hostler,HSC,602.0,872500.0,181.0,184.0,167.0,1
2010,MANAGEMENT SEAT,17671.0,N,Male,Day Scholar,HSC,1076.0,840000.0,187.0,182.0,176.0,1
2010,MANAGEMENT SEAT,16454.0,N,Male,Day Scholar,CBSE,437.0,491700.0,83.0,95.0,85.0,1
2010,GENERAL,8489.0,N,Male,Hostler,HSC,1052.0,400000.0,161.0,174.0,185.0,0
2010,MANAGEMENT SEAT,32246.0,N,Male,Day Scholar,CBSE,367.0,300000.0,73.0,66.0,51.0,0
2010,MANAGEMENT SEAT,22806.0,N,Male,Hostler,ISC,388.0,600000.0,74.0,64.0,92.0,4
2010,MANAGEMENT SEAT,15805.0,N,Male,Day Scholar,HSC,1106.0,500000.0,187.0,183.0,186.0,1
2010,MANAGEMENT SEAT,15231.0,N,Male,Hostler,CBSE,453.0,120000.0,93.0,89.0,78.0,3
2010,GENERAL,7039.0,Y,Male,Day Scholar,CBSE,454.0,800000.0,83.0,95.0,89.0,1
2010,MANAGEMENT SEAT,13440.0,N,Male,Hostler,HSC,1154.0,568560.0,193.0,189.0,187.0,0
2010,FEE WAIVER (INCOME),13889.0,N,Male,Hostler,HSC,1126.0,120000.0,185.0,196.0,186.0,0
2010,FEE WAIVER (INCOME),9006.0,N,Male,Hostler,CBSE,475.0,300000.0,95.0,95.0,95.0,3
2010,MANAGEMENT SEAT,15521.0,N,Male,Day Scholar,HSC,1105.0,210000.0,187.0,168.0,191.0,1
2010,MANAGEMENT SEAT,12942.0,N,Male,Day Scholar,CBSE,437.0,500000.0,85.0,91.0,86.0,2
2010,NRI,58785.0,N,Male,Day Scholar,HSC,869.0,1000000.0,152.0,136.0,136.0,1
2010,MANAGEMENT SEAT,15818.0,N,Male,Day Scholar,HSC,1111.0,,184.0,183.0,194.0,0
2010,FEE WAIVER (INCOME),8503.0,N,Male,Day Scholar,HSC,1096.0,96000.0,193.0,185.0,185.0,1
2010,MANAGEMENT SEAT,14201.0,N,Male,Hostler,CBSE,442.0,480000.0,84.0,95.0,73.0,3
2010,GENERAL,7865.0,N,Male,Hostler,HSC,1163.0,490560.0,191.0,197.0,197.0,0
2010,FEE WAIVER (INCOME),12940.0,N,Male,Day Scholar,CBSE,420.0,75000.0,79.0,91.0,86.0,0
2010,FEE WAIVER (INCOME),7948.0,N,Male,Day Scholar,HSC,1109.0,389040.0,190.0,192.0,191.0,1
2010,FEE WAIVER (INCOME),49895.0,Y,Male,Day Scholar,CBSE,378.0,396000.0,76.0,76.0,51.0,2
2010,GENERAL,5883.0,N,Male,Hostler,HSC,1135.0,600000.0,185.0,184.0,198.0,0
2010,MANAGEMENT SEAT,13928.0,N,Male,Day Scholar,CBSE,433.0,400000.0,87.0,95.0,80.0,3
2010,MANAGEMENT SEAT,31582.0,N,Male,Day Scholar,CBSE,423.0,800000.0,83.0,82.0,87.0,1
2010,SC,35152.0,N,Male,Day Scholar,HSC,1057.0,34608.0,151.0,182.0,169.0,0
2010,MANAGEMENT SEAT,20498.0,N,Male,Day Scholar,CBSE,445.0,444000.0,78.0,95.0,86.0,2
2010,GENERAL,4783.0,N,Male,Day Scholar,HSC,1162.0,1500000.0,197.0,200.0,193.0,1
2010,FEE WAIVER (INCOME),8770.0,N,Male,Hostler,CBSE,464.0,376284.0,93.0,93.0,88.0,2
2010,MANAGEMENT SEAT,20498.0,N,Male,Day Scholar,CBSE,445.0,444000.0,78.0,95.0,86.0,2
2010,MANAGEMENT SEAT,22857.0,N,Male,Day Scholar,CBSE,426.0,200000.0,94.0,95.0,68.0,1
2010,FEE WAIVER (INCOME),8703.0,N,Male,Hostler,HSC,1182.0,546048.0,200.0,200.0,200.0,3
2010,FEE WAIVER,6293.0,N,Male,Hostler,ISC,404.0,120000.0,80.0,74.0,90.0,3
2010,NRI,52559.0,N,Male,Hostler,CBSE,379.0,1379158.0,75.0,80.0,64.0,4
2010,FEE WAIVER (INCOME),13889.0,N,Male,Hostler,HSC,1126.0,120000.0,185.0,196.0,186.0,0
2010,GENERAL,8055.0,N,Male,Hostler,CBSE,455.0,921744.0,83.0,95.0,90.0,0
2010,FEE WAIVER (INCOME),8603.0,N,Male,Hostler,HSC,1184.0,580000.0,200.0,198.0,195.0,2
2010,OEC,32246.0,N,Male,Hostler,HSC,963.0,144000.0,161.0,159.0,146.0,2
2010,FEE WAIVER (INCOME),14572.0,N,Male,Hostler,ISC,448.0,110000.0,88.0,88.0,88.0,2
2010,SC,40300.0,N,Male,Hostler,HSC,933.0,96000.0,159.0,162.0,133.0,0
2010,MANAGEMENT SEAT,31844.0,N,Male,Day Scholar,CBSE,311.0,350000.0,67.0,61.0,51.0,4
2010,NRI,58778.0,N,Male,,CBSE,400.0,,,,,0
2010,MANAGEMENT SEAT,22806.0,N,Male,Hostler,ISC,388.0,600000.0,74.0,64.0,92.0,4
2010,FEE WAIVER (INCOME),8515.0,N,Male,Hostler,HSC,1161.0,250000.0,196.0,194.0,190.0,2
2010,FEE WAIVER (INCOME),10250.0,N,Male,Hostler,HSC,1073.0,338105.0,158.0,188.0,174.0,0
2010,MANAGEMENT SEAT,31207.0,N,Male,Day Scholar,CBSE,329.0,80000.0,66.0,63.0,65.0,5
2010,FEE WAIVER (INCOME),7950.0,N,Male,Hostler,HSC,1178.0,72000.0,200.0,200.0,200.0,2
2010,NRI,52145.0,N,Male,Day Scholar,CBSE,398.0,300000.0,,,,2
2010,MANAGEMENT SEAT,13928.0,N,Male,Day Scholar,CBSE,433.0,400000.0,87.0,95.0,80.0,3
2010,GENERAL,6342.0,N,Male,Hostler,HSC,1173.0,450000.0,190.0,193.0,200.0,1
2010,MANAGEMENT SEAT,13456.0,N,Male,Day Scholar,CBSE,447.0,840000.0,81.0,95.0,90.0,2
2010,GENERAL,6398.0,N,Male,Day Scholar,CBSE,446.0,350000.0,86.0,94.0,80.0,2
2010,GENERAL,7865.0,N,Male,Hostler,HSC,1163.0,490560.0,191.0,197.0,197.0,0
2010,MANAGEMENT SEAT,37080.0,N,Male,Day Scholar,HSC,1048.0,120000.0,168.0,179.0,165.0,0
2010,GENERAL,5158.0,N,Male,Day Scholar,HSC,1175.0,350000.0,193.0,196.0,192.0,1
2010,MANAGEMENT SEAT,14201.0,N,Male,Hostler,CBSE,442.0,480000.0,84.0,95.0,73.0,3
2010,GENERAL,5713.0,N,Male,Day Scholar,CBSE,462.0,450000.0,95.0,95.0,94.0,2
2010,FEE WAIVER (INCOME),7648.0,N,Male,Hostler,CBSE,469.0,156000.0,94.0,95.0,95.0,3
2010,FEE WAIVER (INCOME),7948.0,N,Male,Day Scholar,HSC,1109.0,389040.0,190.0,192.0,191.0,1
2010,MANAGEMENT SEAT,19317.0,N,Male,Day Scholar,CBSE,430.0,600000.0,78.0,89.0,91.0,4
2010,FEE WAIVER (INCOME),8503.0,N,Male,Day Scholar,HSC,1096.0,96000.0,193.0,185.0,185.0,1
2010,GENERAL,10372.0,N,Male,Hostler,HSC,1050.0,500000.0,162.0,167.0,178.0,0
2010,MANAGEMENT SEAT,15216.0,N,Male,Day Scholar,CBSE,424.0,240000.0,82.0,95.0,84.0,1
2010,MANAGEMENT SEAT,19520.0,N,Male,Day Scholar,HSC,1124.0,600000.0,186.0,197.0,175.0,1
2010,MANAGEMENT SEAT,31844.0,N,Male,Day Scholar,HSC,1032.0,600000.0,174.0,174.0,163.0,3
2010,FEE WAIVER (INCOME),7648.0,N,Male,Hostler,CBSE,469.0,156000.0,94.0,95.0,95.0,3
2010,NRI,59286.0,N,Male,Day Scholar,CBSE,347.0,50000.0,65.0,64.0,76.0,3
2010,GENERAL,6192.0,N,Male,Hostler,HSC,1164.0,350000.0,191.0,198.0,198.0,0
2010,SC,31582.0,N,Male,Hostler,HSC,1041.0,435630.0,165.0,178.0,167.0,0
2010,FEE WAIVER (INCOME),11894.0,N,Male,Day Scholar,CBSE,438.0,60000.0,82.0,86.0,87.0,3
2010,MANAGEMENT SEAT,22857.0,N,Male,Day Scholar,CBSE,426.0,200000.0,94.0,95.0,68.0,1
2010,OEC,32246.0,N,Male,Hostler,HSC,963.0,144000.0,161.0,159.0,146.0,2
2010,SC,41436.0,N,Male,Day Scholar,HSC,1031.0,506000.0,146.0,162.0,167.0,1
2010,NRI,52147.0,N,Male,,HSC,880.0,250000.0,152.0,157.0,124.0,3
2010,GENERAL,8245.0,N,Male,Day Scholar,HSC,1145.0,200000.0,187.0,193.0,192.0,0
2010,MANAGEMENT SEAT,19317.0,N,Male,Day Scholar,CBSE,430.0,600000.0,78.0,89.0,91.0,4
2010,FEE WAIVER (INCOME),8770.0,N,Male,Hostler,CBSE,464.0,376284.0,93.0,93.0,88.0,2
2010,MANAGEMENT SEAT,23001.0,N,Male,,HSC,1084.0,500000.0,179.0,176.0,189.0,0
2010,FEE WAIVER,5415.0,N,Male,Day Scholar,HSC,1121.0,62400.0,189.0,189.0,198.0,1
2010,MANAGEMENT SEAT,15678.0,N,Male,Hostler,CBSE,456.0,50000.0,83.0,95.0,91.0,0
2010,MANAGEMENT SEAT,11802.0,N,Male,Day Scholar,HSC,1103.0,250000.0,185.0,176.0,198.0,0
2010,FEE WAIVER (INCOME),7499.0,N,Male,Day Scholar,HSC,1058.0,260000.0,172.0,170.0,166.0,2
2010,FEE WAIVER (INCOME),10006.0,N,Male,Day Scholar,HSC,1154.0,36000.0,186.0,198.0,191.0,0
2010,FEE WAIVER,5415.0,N,Male,Day Scholar,HSC,1121.0,62400.0,189.0,189.0,198.0,1
2010,MANAGEMENT SEAT,,N,Male,Day Scholar,CBSE,396.0,1000000.0,72.0,79.0,69.0,3
2010,GENERAL,8055.0,N,Male,Hostler,CBSE,455.0,921744.0,83.0,95.0,90.0,0
2010,NRI,50905.0,N,Male,Hostler,CBSE,352.0,1000000.0,72.0,68.0,51.0,3
2010,MANAGEMENT SEAT,17671.0,N,Male,Day Scholar,HSC,1076.0,840000.0,187.0,182.0,176.0,1
2010,FEE WAIVER (INCOME),7727.0,N,Male,Day Scholar,CBSE,463.0,495000.0,93.0,95.0,87.0,2
2010,MANAGEMENT SEAT,33688.0,N,Male,Day Scholar,CBSE,311.0,350000.0,67.0,61.0,51.0,4
2010,NRI,30004.0,N,Male,Day Scholar,HSC,77.58,350000.0,138.0,144.0,147.0,3
2010,MANAGEMENT SEAT,31844.0,N,Male,,HSC,1084.0,500000.0,179.0,176.0,189.0,0
2010,FEE WAIVER,5176.0,N,Male,Day Scholar,HSC,1025.0,123516.0,161.0,188.0,184.0,0
2010,FEE WAIVER,7302.0,N,Male,Day Scholar,CBSE,452.0,420180.0,83.0,87.0,95.0,3
2010,NRI,61662.0,N,Male,Day Scholar,HSC,997.0,400000.0,180.0,140.0,160.0,3
2010,FEE WAIVER (INCOME),9764.0,N,Male,Hostler,HSC,1107.0,120000.0,172.0,185.0,192.0,1
2010,MANAGEMENT SEAT,29662.0,N,Male,Day Scholar,HSC,1055.0,194900.0,181.0,184.0,160.0,0
2010,MANAGEMENT SEAT,31844.0,N,Male,Day Scholar,HSC,1032.0,600000.0,174.0,174.0,163.0,3
2010,SC,35152.0,N,Male,Day Scholar,HSC,1057.0,34608.0,151.0,182.0,169.0,0
2010,MANAGEMENT SEAT,15818.0,N,Male,Day Scholar,HSC,1111.0,,184.0,183.0,194.0,0
2010,FEE WAIVER (INCOME),13879.0,N,Male,Day Scholar,CBSE,444.0,187600.0,91.0,89.0,95.0,4
2010,FEE WAIVER (INCOME),8515.0,N,Male,Hostler,HSC,1161.0,250000.0,196.0,194.0,190.0,2
2010,OBC,16365.0,N,Male,Hostler,HSC,1114.0,944768.0,188.0,191.0,178.0,2
2010,GENERAL,6254.0,N,Male,Day Scholar,CBSE,476.0,800000.0,95.0,95.0,95.0,2
2010,MANAGEMENT SEAT,30796.0,N,Male,Day Scholar,CBSE,398.0,600000.0,81.0,80.0,76.0,1
2010,SC,41436.0,N,Male,Day Scholar,HSC,1031.0,506000.0,146.0,162.0,167.0,1
2010,MANAGEMENT SEAT,32636.0,N,Male,Day Scholar,HSC,1044.0,579068.0,168.0,176.0,159.0,0
2010,GENERAL,8617.0,Y,Male,Day Scholar,CBSE,462.0,900000.0,91.0,95.0,91.0,4
2010,FEE WAIVER,4170.0,N,Male,Day Scholar,HSC,1171.0,120000.0,195.0,196.0,198.0,2
2010,FEE WAIVER (INCOME),10006.0,N,Male,Day Scholar,HSC,1154.0,36000.0,186.0,198.0,191.0,0
2010,FEE WAIVER (INCOME),10412.0,N,Male,Hostler,HSC,1133.0,48000.0,187.0,199.0,187.0,0
2010,GENERAL,7039.0,Y,Male,Day Scholar,CBSE,454.0,800000.0,83.0,95.0,89.0,1
2010,MANAGEMENT SEAT,19520.0,N,Male,Day Scholar,HSC,1124.0,600000.0,186.0,197.0,175.0,1
2010,MANAGEMENT SEAT,15216.0,N,Male,Day Scholar,CBSE,424.0,240000.0,82.0,95.0,84.0,1
2010,MANAGEMENT SEAT,32721.0,N,Male,Day Scholar,CBSE,311.0,350000.0,67.0,61.0,51.0,4
2010,MANAGEMENT SEAT,15231.0,N,Male,Hostler,CBSE,453.0,120000.0,93.0,89.0,78.0,3
2010,FEE WAIVER (INCOME),7640.0,N,Male,Day Scholar,CBSE,452.0,96000.0,90.0,85.0,84.0,3
2010,FEE WAIVER (INCOME),7640.0,N,Male,Day Scholar,CBSE,452.0,96000.0,90.0,85.0,84.0,3
2010,GENERAL,8245.0,N,Male,Day Scholar,HSC,1145.0,200000.0,187.0,193.0,192.0,0
2010,GENERAL,8489.0,N,Male,Hostler,HSC,1052.0,400000.0,161.0,174.0,185.0,0
2010,MANAGEMENT SEAT,23123.0,N,Male,Day Scholar,CBSE,426.0,275000.0,83.0,87.0,92.0,4
2010,GENERAL,6398.0,N,Male,Day Scholar,CBSE,446.0,350000.0,86.0,94.0,80.0,2
2010,MANAGEMENT SEAT,37080.0,N,Male,Day Scholar,HSC,1048.0,120000.0,168.0,179.0,165.0,0
2010,GENERAL,10635.0,N,Male,Day Scholar,CBSE,436.0,100000.0,94.0,95.0,73.0,0
2010,GENERAL,8617.0,Y,Male,Day Scholar,CBSE,462.0,900000.0,91.0,95.0,91.0,4
2010,MANAGEMENT SEAT,11244.0,N,Male,Day Scholar,CBSE,446.0,204000.0,92.0,94.0,70.0,0
2010,GENERAL,8573.0,N,Male,Hostler,HSC,1104.0,210000.0,183.0,193.0,183.0,0
2010,MANAGEMENT SEAT,32721.0,N,Male,Day Scholar,CBSE,406.0,800000.0,80.0,88.0,71.0,1
2010,GENERAL,8967.0,N,Male,Hostler,HSC,1134.0,600000.0,189.0,193.0,191.0,0
2011,SC,47117.0,N,Male,Day Scholar,HSC,904.0,732000.0,140.0,148.0,125.0,0
2011,FEE WAIVER (INCOME),11745.0,N,Male,Hostler,HSC,1132.0,495132.0,178.0,200.0,196.0,0
2011,MANAGEMENT SEAT,28504.0,N,Male,Day Scholar,CBSE,396.0,2000000.0,93.0,81.0,58.0,3
2011,NRI,,N,Male,Hostler,CBSE,373.0,200000.0,65.0,52.0,48.0,3
2011,FEE WAIVER (INCOME),10960.0,N,Male,Day Scholar,HSC,1065.0,157260.0,182.0,180.0,173.0,2
2011,MANAGEMENT SEAT,22384.0,N,Male,Day Scholar,HSC,1041.0,1000000.0,166.0,176.0,153.0,1
2011,GENERAL,10122.0,N,Male,Hostler,CBSE,459.0,400000.0,95.0,83.0,95.0,3
2011,FEE WAIVER (INCOME),12518.0,N,Male,Hostler,HSC,1110.0,750000.0,181.0,185.0,177.0,0
2011,FEE WAIVER,7458.0,N,Male,Day Scholar,CBSE,449.0,100000.0,87.0,95.0,81.0,4
2011,FEE WAIVER,7601.0,N,Male,Day Scholar,HSC,1115.0,80000.0,190.0,186.0,193.0,2
2011,NRI,59286.0,N,Male,Hostler,CBSE,64.6,200000.0,61.0,71.0,48.0,3
2011,MANAGEMENT SEAT,14733.0,N,Male,Hostler,CBSE,438.0,250000.0,94.0,84.0,81.0,2
2011,MANAGEMENT SEAT,14860.0,N,Male,Day Scholar,HSC,1048.0,700000.0,161.0,172.0,171.0,0
2011,GENERAL,9449.0,N,Male,Hostler,CBSE,459.0,800000.0,95.0,95.0,81.0,3
2011,FEE WAIVER (INCOME),8925.0,N,Male,Hostler,HSC,1194.0,160000.0,200.0,200.0,200.0,0
2011,MANAGEMENT SEAT,16513.0,N,Male,Day Scholar,HSC,1159.0,600000.0,187.0,184.0,200.0,1
2011,MANAGEMENT SEAT,22803.0,N,Male,Hostler,HSC,1114.0,600000.0,183.0,186.0,182.0,1
2011,NRI,61662.0,N,Male,Hostler,HSC,468.0,40000.0,65.0,45.0,63.0,2
2011,GENERAL,7439.0,N,Male,Day Scholar,CBSE,426.0,75000.0,90.0,88.0,72.0,2
2011,FEE WAIVER (INCOME),17459.0,N,Male,Day Scholar,HSC,1079.0,200000.0,175.0,182.0,184.0,0
2011,MANAGEMENT SEAT,15035.0,N,Male,,CBSE,467.0,180000.0,95.0,95.0,85.0,2
2011,SC,52557.0,N,Male,Hostler,HSC,871.0,300000.0,123.0,139.0,107.0,0
2011,MANAGEMENT SEAT,49247.0,N,Male,Hostler,CBSE,342.0,150000.0,70.0,60.0,49.0,4
2011,MANAGEMENT SEAT,17656.0,N,Male,Day Scholar,CBSE,435.0,1200000.0,95.0,78.0,81.0,2
2011,MANAGEMENT SEAT,13531.0,N,Male,Hostler,HSC,1088.0,200000.0,195.0,191.0,170.0,2
2011,MANAGEMENT SEAT,16632.0,N,Male,Day Scholar,CBSE,419.0,500000.0,87.0,82.0,74.0,4
2011,MANAGEMENT SEAT,20709.0,N,Male,Hostler,HSC,1081.0,180000.0,184.0,174.0,178.0,1
2011,MANAGEMENT SEAT,16422.0,N,Male,Day Scholar,CBSE,84.0,600000.0,88.0,87.0,73.0,3
2011,MANAGEMENT SEAT,18790.0,N,Male,Day Scholar,HSC,1101.0,120000.0,172.0,173.0,185.0,1
2011,MANAGEMENT SEAT,16182.0,N,Male,,HSC,1147.0,600000.0,193.0,196.0,181.0,1
2011,MANAGEMENT SEAT,38954.0,N,Male,Day Scholar,HSC,1019.0,200000.0,151.0,171.0,159.0,2
2011,NRI,,N,Male,Hostler,CBSE,358.0,500000.0,69.0,59.0,65.0,5
2011,MANAGEMENT SEAT,49287.0,N,Male,Hostler,CBSE,342.0,150000.0,70.0,60.0,49.0,4
2011,NRI,27147.0,N,Male,Hostler,CBSE,423.0,100000.0,92.0,85.0,56.0,2
2011,FEE WAIVER (INCOME),11112.0,N,Male,Day Scholar,HSC,1111.0,200000.0,194.0,192.0,188.0,0
2011,MANAGEMENT SEAT,22380.0,N,Male,Day Scholar,CBSE,423.0,300000.0,88.0,91.0,79.0,2
2011,FEE WAIVER (INCOME),15297.0,N,Male,Hostler,CBSE,444.0,180000.0,82.0,95.0,82.0,3
2011,GENERAL,9386.0,N,Male,Day Scholar,HSC,1114.0,800000.0,188.0,186.0,185.0,0
2011,MANAGEMENT SEAT,20081.0,N,Male,Hostler,CBSE,409.0,100000.0,86.0,76.0,78.0,0
2011,GENERAL,5297.0,N,Male,Hostler,CBSE,450.0,500000.0,95.0,95.0,80.0,4
2011,MANAGEMENT SEAT,20085.0,N,Male,Hostler,HSC,1083.0,898332.0,190.0,172.0,177.0,1
2011,FEE WAIVER (INCOME),9297.0,N,Male,Day Scholar,HSC,1140.0,200000.0,186.0,190.0,188.0,2
2011,MANAGEMENT SEAT,20696.0,N,Male,Hostler,CBSE,389.0,145000.0,73.0,73.0,95.0,3
2011,FEE WAIVER,5378.0,N,Female,Day Scholar,CBSE,473.0,40000.0,95.0,95.0,92.0,4
2011,MANAGEMENT SEAT,26345.0,N,Male,Hostler,HSC,998.0,60000.0,170.0,170.0,166.0,0
2011,FEE WAIVER (INCOME),16559.0,N,Male,Day Scholar,HSC,1085.0,555912.0,177.0,191.0,175.0,1
2011,NRI,61662.0,N,Male,Day Scholar,HSC,998.0,100000.0,177.0,183.0,128.0,2
2011,FEE WAIVER,7026.0,N,Male,Day Scholar,HSC,1140.0,72000.0,189.0,192.0,187.0,0
2011,MANAGEMENT SEAT,21548.0,N,Male,Day Scholar,HSC,1072.0,543446.0,163.0,183.0,163.0,1
2011,MANAGEMENT SEAT,26736.0,N,Male,Day Scholar,CBSE,407.0,900000.0,77.0,85.0,86.0,2
2011,FEE WAIVER,5607.0,N,Male,Hostler,HSC,627.0,500112.0,192.0,193.0,183.0,0
2011,FEE WAIVER (INCOME),7609.0,N,Male,Day Scholar,HSC,1048.0,90000.0,181.0,164.0,180.0,2
2011,MANAGEMENT SEAT,43264.0,N,Male,Day Scholar,HSC,779.0,60000.0,149.0,119.0,108.0,0
2011,FEE WAIVER (INCOME),12882.0,N,Male,Hostler,HSC,1069.0,302400.0,157.0,180.0,179.0,1
2011,GENERAL,4108.0,N,Male,Hostler,CBSE,451.0,3000000.0,95.0,95.0,72.0,3
2011,NRI,58778.0,N,Male,Day Scholar,HSC,929.0,300000.0,145.0,147.0,115.0,0
2011,FEE WAIVER (INCOME),12237.0,N,Male,Hostler,CBSE,462.0,96000.0,91.0,95.0,94.0,3
2011,MANAGEMENT SEAT,34165.0,N,Male,Day Scholar,HSC,994.0,150000.0,151.0,168.0,146.0,0
2011,MANAGEMENT SEAT,12558.0,N,Male,Day Scholar,CBSE,427.0,80000.0,91.0,95.0,70.0,3
2011,MANAGEMENT SEAT,33048.0,N,Male,Day Scholar,CBSE,385.0,450000.0,71.0,85.0,75.0,4
2011,ReferenceES,15403.0,Y,Male,Hostler,HSC,1059.0,900000.0,170.0,183.0,184.0,2
2011,NRI,59286.0,N,Male,Hostler,CBSE,64.6,200000.0,61.0,71.0,48.0,3
2011,MANAGEMENT SEAT,26618.0,N,Male,Hostler,HSC,979.0,800000.0,158.0,142.0,176.0,1
2011,FEE WAIVER,6664.0,N,Male,Day Scholar,HSC,1083.0,48000.0,175.0,187.0,172.0,0
2011,MANAGEMENT SEAT,31207.0,N,Male,Hostler,HSC,1087.0,500000.0,181.0,167.0,180.0,1
2011,MANAGEMENT SEAT,15798.0,N,Male,Day Scholar,CBSE,439.0,700000.0,95.0,93.0,72.0,2
2011,MANAGEMENT SEAT,11567.0,N,Male,Hostler,CBSE,428.0,300000.0,75.0,95.0,87.0,2
2011,MANAGEMENT SEAT,27629.0,N,Male,Hostler,HSC,979.0,357696.0,168.0,166.0,155.0,0
2011,GENERAL,8867.0,N,Male,Hostler,CBSE,452.0,800000.0,92.0,95.0,84.0,1
2011,GENERAL,7305.0,N,Male,Hostler,CBSE,458.0,600000.0,92.0,85.0,95.0,3
2011,GENERAL,11191.0,N,Male,Day Scholar,CBSE,461.0,750000.0,92.0,92.0,93.0,4
2011,MANAGEMENT SEAT,19363.0,N,Male,Day Scholar,HSC,1078.0,2700000.0,179.0,183.0,172.0,0
2011,MANAGEMENT SEAT,30399.0,N,Male,Day Scholar,CBSE,394.0,1000000.0,77.0,78.0,71.0,4
2011,FEE WAIVER (INCOME),11196.0,N,Male,Day Scholar,HSC,1140.0,129000.0,187.0,199.0,183.0,1
2011,FEE WAIVER (INCOME),11504.0,N,Male,Day Scholar,HSC,1113.0,60000.0,188.0,182.0,182.0,0
2011,NRI,58785.0,N,Male,Day Scholar,CBSE,339.0,,62.0,63.0,51.0,0
2011,MANAGEMENT SEAT,18787.0,N,Male,Day Scholar,HSC,1113.0,500000.0,185.0,180.0,175.0,0
2011,MANAGEMENT SEAT,24020.0,N,Male,Day Scholar,HSC,1111.0,250000.0,108.0,108.0,87.0,3
2011,NRI,60866.0,N,Male,Day Scholar,CBSE,339.0,,62.0,63.0,51.0,0
2011,MANAGEMENT SEAT,25061.0,N,Male,Day Scholar,CBSE,404.0,700000.0,85.0,72.0,77.0,2
2011,FEE WAIVER (INCOME),14514.0,N,Male,Day Scholar,HSC,1110.0,120000.0,175.0,185.0,180.0,1
2011,SC,42245.0,N,Male,Day Scholar,HSC,910.0,400000.0,158.0,162.0,104.0,0
2011,FEE WAIVER (INCOME),8388.0,N,Male,Hostler,CBSE,452.0,700000.0,95.0,92.0,89.0,0
2011,FEE WAIVER (INCOME),13084.0,N,Male,Hostler,CBSE,454.0,36000.0,94.0,95.0,81.0,2
2011,MANAGEMENT SEAT,11578.0,N,Male,Day Scholar,CBSE,452.0,200000.0,95.0,87.0,92.0,3
2011,OEC,29960.0,N,Male,Day Scholar,HSC,1009.0,36000.0,163.0,162.0,162.0,2
2011,GENERAL,9121.0,N,Male,Day Scholar,HSC,1109.0,400000.0,179.0,181.0,181.0,0
2011,MANAGEMENT SEAT,35181.0,N,Male,Day Scholar,HSC,1005.0,30000.0,161.0,161.0,141.0,2
2011,NRI,58778.0,N,Male,Day Scholar,HSC,875.0,100000.0,148.0,126.0,116.0,1
2011,FEE WAIVER (INCOME),17319.0,N,Male,Day Scholar,HSC,1126.0,150000.0,182.0,191.0,181.0,0
2011,NRI,48597.0,N,Male,Day Scholar,HSC,915.0,480000.0,149.0,139.0,131.0,3
2011,FEE WAIVER (INCOME),8249.0,N,Male,Day Scholar,HSC,1140.0,42000.0,192.0,193.0,195.0,3
2011,FEE WAIVER (INCOME),20744.0,N,Male,Day Scholar,HSC,1030.0,120000.0,165.0,164.0,162.0,1
2011,FEE WAIVER (INCOME),9214.0,N,Male,Day Scholar,HSC,1018.0,24000.0,168.0,172.0,178.0,0
2011,FEE WAIVER (INCOME),8961.0,N,Male,Hostler,HSC,1153.0,185000.0,193.0,196.0,192.0,0
2011,OEC,17032.0,N,Male,Hostler,HSC,1147.0,36000.0,192.0,195.0,188.0,2
2011,NRI,28813.0,N,Male,Day Scholar,ISC,372.0,300000.0,66.0,62.0,74.0,5
2011,OBC,11986.0,N,Male,Hostler,CBSE,451.0,801312.0,85.0,95.0,86.0,2
2011,FEE WAIVER (INCOME),15979.0,N,Male,Day Scholar,HSC,1118.0,92000.0,186.0,191.0,188.0,0
2011,FEE WAIVER (INCOME),11051.0,N,Male,Day Scholar,HSC,1128.0,48000.0,190.0,194.0,178.0,2
2011,MANAGEMENT SEAT,20139.0,N,Male,Day Scholar,HSC,1141.0,120000.0,185.0,184.0,184.0,0
2011,MANAGEMENT SEAT,27490.0,N,Male,Hostler,HSC,1051.0,150000.0,173.0,172.0,154.0,1
2011,GENERAL,10623.0,N,Male,Hostler,CBSE,90.6,300000.0,95.0,95.0,79.0,3
2011,FEE WAIVER (INCOME),12669.0,N,Male,Day Scholar,HSC,1131.0,582456.0,182.0,189.0,189.0,0
2011,FEE WAIVER (INCOME),15131.0,N,Male,Hostler,HSC,1134.0,493608.0,188.0,193.0,187.0,1
2011,GENERAL,11884.0,N,Male,Hostler,CBSE,94.4,300000.0,93.0,97.0,95.0,3
2011,NRI,32890.0,N,Male,,HSC,946.0,200000.0,150.0,164.0,140.0,0
2011,NRI,60866.0,N,Male,Hostler,HSC,701.0,1000000.0,115.0,107.0,97.0,2
2011,FEE WAIVER (INCOME),30550.0,N,Male,Day Scholar,HSC,998.0,62500.0,156.0,159.0,161.0,1
2011,GENERAL,9834.0,N,Male,Day Scholar,HSC,1118.0,400000.0,183.0,189.0,193.0,1
2011,FEE WAIVER (INCOME),8608.0,N,Male,Day Scholar,CBSE,462.0,92000.0,95.0,89.0,91.0,3
2011,MANAGEMENT SEAT,14928.0,N,Male,Day Scholar,HSC,1131.0,100000.0,182.0,200.0,181.0,2
2011,FEE WAIVER (INCOME),13002.0,N,Male,Hostler,HSC,1122.0,600000.0,182.0,188.0,182.0,1
2011,MANAGEMENT SEAT,37557.0,N,Male,Day Scholar,CBSE,335.0,2000000.0,65.0,66.0,58.0,4
2011,GENERAL,9983.0,N,Male,Hostler,HSC,1142.0,400000.0,189.0,195.0,197.0,0
2011,MANAGEMENT SEAT,14333.0,N,Male,Day Scholar,HSC,969.0,600000.0,161.0,152.0,134.0,1
2011,GENERAL,13889.0,N,Male,Day Scholar,CBSE,436.0,,95.0,95.0,63.0,2
2011,FEE WAIVER (INCOME),12232.0,N,Male,Hostler,HSC,1112.0,158400.0,188.0,191.0,192.0,0
2011,FEE WAIVER (INCOME),8844.0,N,Male,Hostler,HSC,1126.0,24000.0,191.0,184.0,185.0,0
2011,FEE WAIVER (INCOME),9660.0,N,Male,Day Scholar,CBSE,445.0,144000.0,94.0,95.0,85.0,3
2012,GENERAL,13054.0,N,Male,Hostler,CBSE,418.0,600000.0,81.0,74.0,95.0,2
2012,NRI,52559.0,N,Male,Hostler,CBSE,305.0,500000.0,62.0,52.0,56.0,4
2012,NRI,58778.0,N,Male,Hostler,CBSE,393.0,700000.0,57.0,69.0,76.0,4
2012,MANAGEMENT SEAT,19380.0,N,Male,Day Scholar,HSC,1120.0,,184.0,178.0,191.0,0
2012,GENERAL,14380.0,N,Male,Day Scholar,CBSE,,1000000.0,93.0,71.0,95.0,3
2012,ReferenceES,29941.0,Y,Male,Day Scholar,HSC,1096.0,1500000.0,171.0,180.0,176.0,3
2012,MANAGEMENT SEAT,19223.0,N,Male,Day Scholar,CBSE,371.0,700000.0,81.0,59.0,66.0,4
2012,FEE WAIVER (INCOME),9550.0,N,Male,Day Scholar,HSC,1138.0,60000.0,197.0,193.0,194.0,1
2012,GENERAL,7568.0,N,Male,Day Scholar,ISC,440.0,600000.0,87.0,84.0,90.0,0
2012,FEE WAIVER (INCOME),12373.0,N,Male,Hostler,HSC,1142.0,710642.0,188.0,194.0,176.0,1
2012,GENERAL,12132.0,N,Male,Day Scholar,CBSE,446.0,1500000.0,92.0,90.0,95.0,3
2012,MANAGEMENT SEAT,27834.0,N,Male,Hostler,CBSE,425.0,700000.0,87.0,85.0,68.0,3
2012,MANAGEMENT SEAT,25513.0,N,Male,Day Scholar,HSC,1048.0,58000.0,164.0,164.0,172.0,1
2012,MANAGEMENT SEAT,21812.0,N,Male,Day Scholar,HSC,1103.0,600000.0,181.0,191.0,183.0,1
2012,MANAGEMENT SEAT,34165.0,N,Male,Day Scholar,HSC,1021.0,,164.0,162.0,161.0,3
2012,GENERAL,9116.0,N,Male,Hostler,CBSE,447.0,1200000.0,90.0,95.0,79.0,3
2012,FEE WAIVER (INCOME),18883.0,N,Male,Hostler,HSC,1099.0,125000.0,191.0,177.0,190.0,0
2012,MANAGEMENT SEAT,21626.0,N,Male,Day Scholar,HSC,1093.0,500000.0,176.0,180.0,183.0,0
2012,MANAGEMENT SEAT,31207.0,N,Male,,HSC,1017.0,450000.0,155.0,158.0,165.0,10
2012,MANAGEMENT SEAT,44151.0,N,Male,Day Scholar,HSC,981.0,80000.0,162.0,148.0,152.0,3
2012,FEE WAIVER (INCOME),11929.0,N,Male,Hostler,HSC,1096.0,544320.0,169.0,180.0,182.0,0
2012,FEE WAIVER (INCOME),10184.0,N,Male,Day Scholar,HSC,1136.0,200000.0,188.0,189.0,190.0,0
2012,FEE WAIVER (INCOME),10581.0,N,Male,Hostler,CBSE,408.0,420000.0,92.0,77.0,66.0,0
2012,SC,60864.0,N,Male,Hostler,HSC,778.0,30000.0,104.0,134.0,103.0,4
2012,MANAGEMENT SEAT,28446.0,N,Male,Hostler,CBSE,430.0,,88.0,80.0,86.0,5
2012,FEE WAIVER (INCOME),23576.0,Y,Male,Day Scholar,HSC,965.0,1087608.0,161.0,149.0,181.0,2
2012,GENERAL,6912.0,N,Male,Hostler,HSC,1105.0,,178.0,175.0,194.0,0
2012,MANAGEMENT SEAT,30796.0,N,Male,Hostler,HSC,1113.0,618888.0,192.0,181.0,161.0,0
2012,GENERAL,12803.0,Y,Male,Day Scholar,CBSE,76.0,600000.0,91.0,61.0,84.0,3
2012,OBC,8951.0,N,Male,Day Scholar,CBSE,455.0,1200000.0,94.0,89.0,93.0,2
2012,FEE WAIVER,8447.0,N,Male,Day Scholar,HSC,1165.0,120000.0,195.0,198.0,191.0,0
2012,FEE WAIVER (INCOME),15205.0,N,Male,Day Scholar,HSC,1062.0,36000.0,168.0,180.0,166.0,1
2012,FEE WAIVER,6184.0,N,Male,Day Scholar,HSC,1136.0,239028.0,194.0,186.0,186.0,1
2012,FEE WAIVER (INCOME),9990.0,N,Female,Hostler,CBSE,455.0,120000.0,95.0,95.0,75.0,2
2012,FEE WAIVER (INCOME),10156.0,N,Male,,CBSE,470.0,160000.0,95.0,95.0,90.0,1
2012,MANAGEMENT SEAT,31207.0,N,Male,Day Scholar,CBSE,402.0,250000.0,90.0,78.0,62.0,0
2012,MANAGEMENT SEAT,11744.0,N,Male,Hostler,HSC,1140.0,36000.0,188.0,188.0,192.0,2
2012,FEE WAIVER,9503.0,N,Male,Day Scholar,HSC,1147.0,501780.0,192.0,191.0,188.0,0
2012,MANAGEMENT SEAT,16839.0,N,Male,Day Scholar,CBSE,443.0,1000000.0,95.0,86.0,82.0,3
2012,MANAGEMENT SEAT,32149.0,N,Male,Hostler,HSC,1042.0,1078440.0,170.0,186.0,160.0,0
2012,MANAGEMENT SEAT,24857.0,N,Male,Hostler,CBSE,418.0,160000.0,83.0,83.0,75.0,3
2012,FEE WAIVER (INCOME),11245.0,N,Female,Day Scholar,CBSE,391.0,600000.0,75.0,87.0,73.0,4
2012,MANAGEMENT SEAT,32721.0,N,Male,Hostler,HSC,930.0,500000.0,143.0,139.0,146.0,2
2012,MANAGEMENT SEAT,52143.0,N,Male,Hostler,CBSE,331.0,200000.0,77.0,53.0,46.0,5
2012,NRI,45987.0,N,Male,Hostler,CBSE,305.0,500000.0,62.0,52.0,56.0,4
2012,NRI,58776.0,N,Male,Hostler,CBSE,324.0,600000.0,61.0,62.0,43.0,0
2012,MANAGEMENT SEAT,52128.0,N,Male,Hostler,CBSE,331.0,200000.0,77.0,53.0,46.0,5
2012,FEE WAIVER (INCOME),13900.0,N,Male,Day Scholar,HSC,1096.0,800000.0,185.0,179.0,181.0,0
2012,MANAGEMENT SEAT,31207.0,N,Male,Hostler,CBSE,432.0,540000.0,89.0,75.0,81.0,3
2012,GENERAL,12954.0,N,Male,Day Scholar,HSC,1128.0,300000.0,178.0,195.0,182.0,0
2012,GENERAL,10403.0,N,Male,,HSC,1145.0,,189.0,195.0,184.0,0
2012,GENERAL,12941.0,N,Male,Day Scholar,HSC,1024.0,800000.0,156.0,174.0,153.0,1
2012,MANAGEMENT SEAT,25195.0,N,Male,Day Scholar,HSC,1074.0,100000.0,179.0,183.0,157.0,0
2012,FEE WAIVER (INCOME),10558.0,N,Male,Day Scholar,HSC,1092.0,242400.0,174.0,167.0,177.0,0
2012,FEE WAIVER (INCOME),10059.0,N,Male,Hostler,CBSE,431.0,200000.0,94.0,79.0,86.0,3
2012,MANAGEMENT SEAT,21935.0,N,Male,Day Scholar,HSC,1103.0,50000.0,185.0,188.0,182.0,0
2012,FEE WAIVER (INCOME),11714.0,N,Male,Day Scholar,HSC,1141.0,96000.0,185.0,194.0,186.0,0
2012,GENERAL,7244.0,N,Male,Day Scholar,CBSE,324.0,450000.0,92.0,82.0,75.0,3
2012,MANAGEMENT SEAT,46850.0,N,Male,Day Scholar,HSC,977.0,600000.0,164.0,165.0,155.0,1
2012,MANAGEMENT SEAT,17797.0,N,Male,Day Scholar,HSC,1114.0,405660.0,185.0,183.0,182.0,0
2012,GENERAL,11439.0,N,Male,Day Scholar,CBSE,433.0,480000.0,85.0,84.0,95.0,3
2012,NRI,61662.0,N,Male,Day Scholar,HSC,907.0,300000.0,141.0,138.0,149.0,0
2012,MANAGEMENT SEAT,33688.0,N,Male,Day Scholar,HSC,899.0,400000.0,126.0,148.0,121.0,0
2012,MANAGEMENT SEAT,31867.0,N,Male,Hostler,CBSE,394.0,900000.0,78.0,76.0,68.0,4
2012,OEC,20814.0,N,Male,Hostler,HSC,1072.0,60000.0,190.0,167.0,182.0,3
2012,MANAGEMENT SEAT,20198.0,N,Male,Hostler,CBSE,428.0,600000.0,84.0,80.0,75.0,3
2012,FEE WAIVER (INCOME),11833.0,N,Male,Hostler,HSC,1165.0,148000.0,196.0,196.0,197.0,1
2012,GENERAL,9048.0,N,Male,Hostler,HSC,1153.0,950000.0,192.0,193.0,192.0,0
2012,MANAGEMENT SEAT,33688.0,N,Male,Day Scholar,HSC,1043.0,48000.0,160.0,174.0,157.0,3
2012,FEE WAIVER (INCOME),11398.0,N,Male,Day Scholar,CBSE,463.0,150000.0,93.0,93.0,95.0,3
2012,NRI,61662.0,N,Male,,CBSE,314.0,800000.0,63.0,59.0,46.0,5
2012,GENERAL,11070.0,N,Male,,HSC,1163.0,30000.0,199.0,195.0,190.0,0
2012,FEE WAIVER (INCOME),7354.0,N,Male,Hostler,HSC,1166.0,300000.0,190.0,198.0,197.0,0
2012,FEE WAIVER (INCOME),9907.0,N,Male,Day Scholar,HSC,1161.0,128400.0,196.0,199.0,193.0,0
2012,MANAGEMENT SEAT,32246.0,N,Male,Day Scholar,HSC,785.0,,121.0,127.0,106.0,2
2012,FEE WAIVER,5202.0,N,Male,Day Scholar,HSC,1129.0,60000.0,191.0,189.0,194.0,0
2012,OEC,59284.0,N,Male,Day Scholar,HSC,760.0,72000.0,121.0,101.0,111.0,4
2012,GENERAL,12950.0,N,Male,Hostler,CBSE,429.0,400000.0,79.0,93.0,83.0,2
2012,MANAGEMENT SEAT,26886.0,N,Male,Hostler,HSC,1111.0,600000.0,195.0,197.0,159.0,0
2012,MANAGEMENT SEAT,20364.0,N,Male,Hostler,CBSE,436.0,500000.0,73.0,90.0,87.0,2
2012,MANAGEMENT SEAT,21182.0,N,Male,Hostler,HSC,1112.0,544444.0,188.0,183.0,162.0,0
2012,MANAGEMENT SEAT,44244.0,N,Male,Hostler,CBSE,383.0,500000.0,70.0,70.0,78.0,0
2012,MANAGEMENT SEAT,47858.0,N,Male,Day Scholar,CBSE,378.0,150000.0,66.0,77.0,57.0,3
2012,FEE WAIVER (INCOME),17251.0,N,Male,Day Scholar,CBSE,401.0,240000.0,86.0,72.0,94.0,3
2012,FEE WAIVER (INCOME),18399.0,N,Male,Hostler,HSC,1122.0,95000.0,182.0,188.0,176.0,2
2012,MANAGEMENT SEAT,32636.0,N,Male,Day Scholar,HSC,958.0,400000.0,154.0,139.0,148.0,1
2012,FEE WAIVER (INCOME),12891.0,N,Male,Day Scholar,HSC,987.0,96000.0,171.0,164.0,153.0,3
2012,OEC,30358.0,N,Male,Hostler,HSC,819.0,1149120.0,140.0,120.0,120.0,2
2012,MANAGEMENT SEAT,31582.0,N,Male,Day Scholar,CBSE,415.0,600000.0,88.0,82.0,74.0,3
2012,MANAGEMENT SEAT,28412.0,N,Male,Day Scholar,HSC,1055.0,100000.0,169.0,164.0,161.0,1
2012,NRI,58785.0,N,Male,Hostler,CBSE,420.0,250000.0,76.0,71.0,89.0,3
2012,MANAGEMENT SEAT,21869.0,N,Male,Day Scholar,HSC,1105.0,400000.0,178.0,183.0,178.0,2
2012,MANAGEMENT SEAT,32246.0,N,Male,Day Scholar,CBSE,433.0,450000.0,74.0,82.0,95.0,3
2012,MANAGEMENT SEAT,33048.0,N,Male,Hostler,HSC,942.0,500000.0,152.0,142.0,142.0,2
2012,FEE WAIVER (INCOME),18942.0,N,Male,Day Scholar,HSC,1085.0,120000.0,165.0,180.0,176.0,0
2012,FEE WAIVER (INCOME),21957.0,N,Male,,HSC,974.0,60000.0,144.0,180.0,157.0,1
2012,MANAGEMENT SEAT,31582.0,N,Male,Day Scholar,CBSE,364.0,100000.0,67.0,75.0,74.0,3
2012,ReferenceES,18061.0,Y,Male,Day Scholar,CBSE,82.0,,89.0,82.0,69.0,3
2012,MANAGEMENT SEAT,25072.0,N,Male,Hostler,HSC,1084.0,100000.0,176.0,168.0,171.0,2
2012,FEE WAIVER (INCOME),19604.0,N,Male,Hostler,HSC,1049.0,120000.0,175.0,171.0,186.0,1
2012,MANAGEMENT SEAT,20291.0,N,Male,Hostler,HSC,1129.0,580000.0,187.0,194.0,180.0,0
2012,MANAGEMENT SEAT,30796.0,N,Male,Day Scholar,HSC,978.0,80000.0,161.0,175.0,161.0,1
2012,MANAGEMENT SEAT,32246.0,N,Male,Day Scholar,CBSE,403.0,200000.0,74.0,,91.0,5
2012,MANAGEMENT SEAT,35405.0,N,Male,Day Scholar,CBSE,400.0,300000.0,79.0,67.0,80.0,3
2012,FEE WAIVER,8369.0,N,Male,Day Scholar,HSC,1132.0,60000.0,190.0,190.0,182.0,1
2012,GENERAL,10550.0,N,Male,Hostler,HSC,1076.0,1000000.0,176.0,180.0,179.0,1
2012,MANAGEMENT SEAT,28963.0,N,Male,Hostler,HSC,988.0,600000.0,156.0,169.0,166.0,1
2012,MANAGEMENT SEAT,20633.0,N,Male,Hostler,HSC,927.0,1763480.0,168.0,173.0,157.0,0
2012,MANAGEMENT SEAT,19314.0,N,Male,Hostler,CBSE,401.0,250000.0,95.0,80.0,66.0,3
2012,FEE WAIVER,6897.0,N,Male,Day Scholar,CBSE,480.0,48000.0,95.0,95.0,96.0,3
2012,MANAGEMENT SEAT,31844.0,N,Male,Hostler,CBSE,373.0,300000.0,79.0,82.0,68.0,1
2012,FEE WAIVER (INCOME),14030.0,N,Male,Hostler,HSC,1128.0,48000.0,183.0,191.0,196.0,2
2012,FEE WAIVER (INCOME),18189.0,N,Male,Day Scholar,HSC,1066.0,60000.0,174.0,177.0,179.0,0
2012,MANAGEMENT SEAT,30796.0,N,Male,Day Scholar,CBSE,403.0,200000.0,74.0,,91.0,5
2012,MANAGEMENT SEAT,26296.0,N,Male,Day Scholar,CBSE,398.0,300000.0,77.0,77.0,80.0,3
2012,SC,61660.0,N,Male,Day Scholar,HSC,630.0,557760.0,97.0,112.0,96.0,4
2012,NRI,54987.0,N,Male,,CBSE,314.0,800000.0,63.0,59.0,46.0,5
2012,GENERAL,7779.0,Y,Male,Day Scholar,HSC,1145.0,250000.0,197.0,185.0,193.0,1
2012,MANAGEMENT SEAT,32246.0,N,Male,Day Scholar,CBSE,405.0,900000.0,80.0,74.0,80.0,4
2012,FEE WAIVER (INCOME),10050.0,N,Male,Hostler,HSC,1105.0,90000.0,183.0,192.0,184.0,1
2012,MANAGEMENT SEAT,32246.0,N,Male,Day Scholar,CBSE,353.0,2500000.0,69.0,70.0,64.0,3
2012,OEC,9912.0,N,Male,Hostler,HSC,1120.0,551314.0,184.0,188.0,185.0,3
2012,MANAGEMENT SEAT,16609.0,N,Male,Hostler,CBSE,446.0,700000.0,91.0,80.0,95.0,4
2012,GENERAL,14244.0,N,Male,Hostler,CBSE,88.8,200000.0,93.0,87.0,86.0,3
2012,NRI,75012.0,N,Male,Hostler,CBSE,324.0,600000.0,61.0,62.0,43.0,0
2013,GENERAL,16195.0,N,Male,Hostler,HSC,1117.0,35000.0,180.0,180.0,189.0,2
2013,MANAGEMENT SEAT,32149.0,N,Male,Day Scholar,CBSE,398.0,100000.0,77.0,71.0,82.0,4
2013,GENERAL,20085.0,N,Male,Hostler,CBSE,409.0,500000.0,80.0,80.0,86.0,3
2013,GENERAL,29452.0,Y,Male,Day Scholar,CBSE,379.0,2400000.0,81.0,77.0,63.0,4
2013,NRI,52559.0,N,Male,Hostler,CBSE,282.0,500000.0,62.0,62.0,37.0,4
2013,GENERAL,7730.0,N,Male,Hostler,CBSE,446.0,840000.0,90.0,94.0,89.0,2
2013,GENERAL,18302.0,N,Male,Hostler,CBSE,432.0,200000.0,95.0,84.0,86.0,3
2013,NRI,61662.0,N,Male,Day Scholar,CBSE,308.0,400000.0,66.0,60.0,34.0,5
2013,GENERAL,11475.0,N,Male,Day Scholar,CBSE,450.0,300000.0,91.0,95.0,90.0,1
2013,OBC,27539.0,N,Male,Day Scholar,CBSE,390.0,360000.0,78.0,75.0,69.0,4
2013,OEC,20495.0,N,Male,Day Scholar,HSC,1070.0,120000.0,175.0,172.0,187.0,0
2013,OEC,16621.0,N,Male,Day Scholar,HSC,1120.0,96000.0,185.0,186.0,185.0,0
2013,GENERAL,15225.0,N,Male,Hostler,HSC,982.0,48000.0,153.0,145.0,156.0,1
2013,NRI,58785.0,N,Male,Hostler,HSC,444.0,1000000.0,151.0,151.0,142.0,2
2013,MANAGEMENT SEAT,44033.0,N,Male,Hostler,CBSE,327.0,120000.0,71.0,59.0,57.0,4
2013,MANAGEMENT SEAT,31844.0,N,Male,Day Scholar,CBSE,420.0,2000000.0,81.0,78.0,79.0,2
2013,MANAGEMENT SEAT,32721.0,N,Male,Hostler,CBSE,437.0,1000000.0,85.0,80.0,91.0,1
2013,OBC,20721.0,N,Male,Day Scholar,CBSE,437.0,120000.0,84.0,83.0,93.0,4
2013,MANAGEMENT SEAT,44038.0,N,Male,Hostler,CBSE,327.0,120000.0,71.0,59.0,57.0,4
2013,OBC,20206.0,N,Male,Day Scholar,CBSE,419.0,120000.0,82.0,94.0,66.0,4
2013,MANAGEMENT SEAT,30994.0,N,Male,Hostler,CBSE,,,60.0,61.0,33.0,3
2013,MANAGEMENT SEAT,35687.0,N,Male,Day Scholar,HSC,946.0,1200000.0,150.0,168.0,165.0,0
2013,GENERAL,14044.0,N,Male,Day Scholar,HSC,1151.0,909688.0,192.0,185.0,193.0,3
2013,NRI,58785.0,N,Male,Hostler,CBSE,332.0,1800000.0,68.0,64.0,51.0,2
2013,GENERAL,12890.0,N,Male,Day Scholar,HSC,1107.0,60000.0,188.0,180.0,190.0,0
2013,NRI,60866.0,N,Male,Hostler,CBSE,303.0,500000.0,60.0,53.0,42.0,5
2013,MANAGEMENT SEAT,27827.0,N,Male,Day Scholar,CBSE,406.0,300000.0,85.0,79.0,75.0,3
2013,NRI,58785.0,N,Male,Hostler,CBSE,357.0,400000.0,66.0,63.0,59.0,5
2013,OBC,17114.0,N,Male,Hostler,HSC,1072.0,98000.0,171.0,186.0,171.0,2
2013,NRI,52559.0,N,Male,Hostler,CBSE,355.0,500000.0,68.0,73.0,49.0,4
2013,MANAGEMENT SEAT,27286.0,N,Male,Day Scholar,ISC,408.0,100000.0,83.0,72.0,81.0,4
2013,GENERAL,18328.0,N,Male,Hostler,CBSE,399.0,288000.0,88.0,69.0,85.0,5
2013,MANAGEMENT SEAT,32721.0,N,Male,Day Scholar,CBSE,337.0,2400000.0,66.0,61.0,44.0,3
2013,MANAGEMENT SEAT,19658.0,N,Male,Day Scholar,HSC,1000.0,42700.0,169.0,169.0,176.0,1
2013,MANAGEMENT SEAT,13201.0,N,Male,Day Scholar,HSC,1032.0,48000.0,169.0,168.0,156.0,0
2013,MANAGEMENT SEAT,19107.0,N,Male,Hostler,HSC,1105.0,48000.0,191.0,170.0,187.0,3
2013,OBC,16367.0,N,Male,Day Scholar,HSC,1151.0,195324.0,188.0,188.0,188.0,1
2013,MANAGEMENT SEAT,26027.0,N,Male,Day Scholar,HSC,1035.0,100000.0,147.0,164.0,182.0,1
2013,GENERAL,11803.0,N,Male,Hostler,CBSE,430.0,300000.0,87.0,75.0,95.0,3
2013,NRI,52559.0,N,Male,Hostler,CBSE,336.0,1000000.0,67.0,56.0,42.0,4
2013,NRI,59286.0,N,Male,Hostler,CBSE,300.0,2000000.0,54.0,66.0,42.0,5
2013,GENERAL,16678.0,N,Male,Hostler,HSC,1111.0,800000.0,186.0,196.0,165.0,2
2013,NRI,60866.0,N,Male,Hostler,HSC,972.0,450000.0,143.0,150.0,131.0,2
2013,MANAGEMENT SEAT,30796.0,N,Male,Day Scholar,CBSE,373.0,516000.0,70.0,77.0,68.0,3
2013,GENERAL,8394.0,N,Male,Day Scholar,CBSE,445.0,300000.0,95.0,88.0,90.0,4
2013,MANAGEMENT SEAT,30775.0,N,Male,Day Scholar,HSC,970.0,35000.0,155.0,165.0,,3
2013,MANAGEMENT SEAT,34669.0,N,Male,Hostler,HSC,898.0,200000.0,122.0,142.0,122.0,2
2013,GENERAL,17078.0,N,Male,Day Scholar,CBSE,429.0,600000.0,90.0,85.0,82.0,3
2013,OEC,41251.0,N,Male,Hostler,HSC,684.0,,95.0,104.0,115.0,0
2013,GENERAL,20029.0,N,Male,Day Scholar,CBSE,410.0,180000.0,81.0,80.0,68.0,3
2013,GENERAL,16755.0,N,Female,Hostler,CBSE,432.0,400000.0,95.0,77.0,78.0,2
2013,GENERAL,19193.0,N,Male,Hostler,HSC,1022.0,800000.0,168.0,171.0,183.0,2
2013,GENERAL,10838.0,N,Male,Day Scholar,HSC,1056.0,230000.0,177.0,186.0,180.0,0
2013,NRI,58778.0,N,Male,Hostler,CBSE,300.0,1200000.0,68.0,69.0,49.0,3
2013,MANAGEMENT SEAT,33048.0,N,Male,Day Scholar,CBSE,283.0,650000.0,57.0,52.0,42.0,4
2013,OBC,25923.0,N,Male,Hostler,CBSE,396.0,250000.0,81.0,72.0,82.0,5
2013,GENERAL,19708.0,N,Male,Day Scholar,HSC,,200000.0,163.0,167.0,180.0,2
2013,OBC,28100.0,N,Male,Day Scholar,HSC,1030.0,120000.0,165.0,161.0,185.0,2
2013,NRI,59286.0,N,Male,Hostler,CBSE,357.0,400000.0,66.0,63.0,59.0,5
2013,GENERAL,23558.0,N,Male,Hostler,CBSE,403.0,1492236.0,73.0,80.0,84.0,2
2013,NRI,52559.0,N,Male,Day Scholar,HSC,994.0,2500000.0,141.0,160.0,160.0,0
2013,GENERAL,23110.0,N,Male,Hostler,HSC,1018.0,500000.0,169.0,162.0,170.0,0
2013,GENERAL,3645.0,N,Male,Day Scholar,CBSE,479.0,900000.0,97.0,95.0,95.0,2
2013,OBC,34669.0,N,Male,Day Scholar,HSC,994.0,600000.0,154.0,144.0,159.0,2
2013,GENERAL,15610.0,N,Male,Hostler,HSC,1131.0,50000.0,180.0,181.0,198.0,1
2013,GENERAL,20228.0,N,Male,Hostler,ISC,404.0,100000.0,75.0,84.0,73.0,5
2013,MANAGEMENT SEAT,31844.0,N,Male,Hostler,CBSE,372.0,48000.0,78.0,67.0,65.0,3
2013,NRI,58778.0,N,Male,Hostler,CBSE,332.0,1800000.0,68.0,64.0,51.0,2
2013,MANAGEMENT SEAT,26961.0,N,Male,Hostler,CBSE,401.0,500000.0,75.0,71.0,79.0,6
2013,GENERAL,24325.0,N,Male,Day Scholar,HSC,1033.0,38000.0,164.0,160.0,187.0,1
2013,OBC,22822.0,N,Male,Hostler,CBSE,436.0,50000.0,83.0,79.0,85.0,2
2013,MANAGEMENT SEAT,31844.0,N,Male,Day Scholar,HSC,1053.0,60000.0,152.0,164.0,173.0,1
2013,GENERAL,12307.0,N,Male,Day Scholar,CBSE,460.0,100000.0,92.0,87.0,89.0,0
2013,GENERAL,19149.0,N,Male,Hostler,CBSE,406.0,800000.0,83.0,75.0,95.0,3
2013,MANAGEMENT SEAT,,N,Male,Hostler,HSC,1051.0,96000.0,167.0,158.0,171.0,2
2013,MANAGEMENT SEAT,15381.0,N,Male,Hostler,CBSE,448.0,240000.0,87.0,88.0,88.0,2
2013,ReferenceES,34255.0,Y,Male,Day Scholar,CBSE,413.0,1700000.0,86.0,65.0,80.0,3
2013,OBC,27921.0,N,Male,Day Scholar,HSC,910.0,96000.0,138.0,156.0,166.0,3
2013,NRI,60866.0,N,Male,Hostler,CBSE,391.0,,78.0,70.0,78.0,4
2013,MANAGEMENT SEAT,38109.0,N,Male,Day Scholar,HSC,829.0,50000.0,122.0,121.0,141.0,2
2013,OBC,22450.0,N,Male,Day Scholar,CBSE,438.0,196000.0,89.0,93.0,79.0,0
2013,GENERAL,16464.0,N,Male,Day Scholar,HSC,1132.0,180000.0,183.0,200.0,181.0,0
2013,OBC,20896.0,N,Male,Day Scholar,HSC,1025.0,780000.0,155.0,146.0,192.0,3
2013,GENERAL,17652.0,N,Male,Day Scholar,HSC,1083.0,48000.0,180.0,180.0,162.0,1
2013,MANAGEMENT SEAT,36918.0,N,Male,Hostler,CBSE,391.0,300000.0,78.0,75.0,68.0,2
2013,MANAGEMENT SEAT,32636.0,N,Male,Hostler,CBSE,407.0,700000.0,87.0,77.0,80.0,5
2013,NRI,58785.0,N,Male,Day Scholar,CBSE,357.0,840000.0,70.0,71.0,53.0,4
2013,OBC,20437.0,N,Male,Day Scholar,HSC,993.0,48000.0,153.0,148.0,173.0,2
2013,MANAGEMENT SEAT,27204.0,N,Male,Day Scholar,CBSE,404.0,74000.0,74.0,79.0,78.0,4
2013,MANAGEMENT SEAT,34165.0,N,Male,Day Scholar,CBSE,345.0,600000.0,73.0,73.0,56.0,4
2013,MANAGEMENT SEAT,31867.0,N,Male,Day Scholar,CBSE,208.0,600000.0,82.0,66.0,60.0,2
2013,GENERAL,19870.0,N,Male,Hostler,HSC,1120.0,95000.0,185.0,184.0,187.0,2
2013,OEC,29669.0,N,Male,Hostler,HSC,977.0,120000.0,159.0,159.0,163.0,2
2013,NRI,59286.0,N,Male,Hostler,CBSE,269.0,50000.0,49.0,54.0,44.0,5
2013,OEC,16551.0,N,Male,Day Scholar,HSC,1128.0,48000.0,184.0,182.0,198.0,3
2013,MANAGEMENT SEAT,30994.0,N,Male,Day Scholar,CBSE,385.0,100000.0,92.0,79.0,58.0,2
2013,MANAGEMENT SEAT,20080.0,N,Male,Day Scholar,HSC,1109.0,500000.0,181.0,181.0,181.0,0
2013,NRI,52559.0,N,Male,Day Scholar,HSC,773.0,100000.0,127.0,129.0,101.0,1
2013,MANAGEMENT SEAT,31867.0,N,Male,Day Scholar,HSC,998.0,180000.0,160.0,146.0,159.0,1
2013,MANAGEMENT SEAT,30994.0,N,Male,Day Scholar,CBSE,399.0,1500000.0,74.0,81.0,87.0,1
2013,MANAGEMENT SEAT,36864.0,N,Male,Hostler,ISC,375.0,1000000.0,70.0,62.0,62.0,4
2013,MANAGEMENT SEAT,37410.0,N,Male,Day Scholar,CBSE,372.0,75000.0,86.0,66.0,61.0,4
2013,OEC,45566.0,N,Male,Day Scholar,HSC,763.0,60000.0,118.0,113.0,122.0,2
2013,OBC,16028.0,N,Male,Hostler,CBSE,427.0,200000.0,87.0,84.0,80.0,2
2013,NRI,59286.0,N,Male,Hostler,CBSE,300.0,1200000.0,68.0,69.0,49.0,3
2013,MANAGEMENT SEAT,30994.0,N,Male,Day Scholar,HSC,1034.0,100000.0,171.0,153.0,164.0,0
2013,GENERAL,11044.0,N,Male,,HSC,1131.0,300000.0,181.0,189.0,195.0,1
2013,MANAGEMENT SEAT,31844.0,N,Male,Day Scholar,CBSE,337.0,2400000.0,66.0,61.0,44.0,3
2013,OBC,25395.0,N,Male,Hostler,CBSE,383.0,120000.0,84.0,65.0,73.0,5
2013,NRI,61662.0,N,Male,Day Scholar,HSC,1011.0,435000.0,159.0,154.0,185.0,2
2013,GENERAL,46334.0,N,Male,Hostler,HSC,725.0,120000.0,105.0,111.0,90.0,2
2013,OEC,11181.0,N,Male,Hostler,HSC,1141.0,12000.0,194.0,185.0,198.0,2
2013,SC,37783.0,N,Male,Day Scholar,HSC,972.0,288648.0,138.0,142.0,148.0,1
2013,GENERAL,37655.0,N,Male,Day Scholar,HSC,809.0,228000.0,124.0,116.0,132.0,1
2013,SC,38215.0,N,Male,Day Scholar,HSC,932.0,544920.0,142.0,146.0,145.0,5
2013,MANAGEMENT SEAT,30179.0,N,Male,Day Scholar,HSC,1016.0,120000.0,168.0,161.0,161.0,2
